{"_camView":{"0":0.3664243519306183,"1":0.3515848219394684,"2":0.8614646196365356,"3":0,"4":0.2626301050186157,"5":0.8491305112838745,"6":-0.45826077461242676,"7":0,"8":-0.8926133513450623,"9":0.39416447281837463,"10":0.21880540251731873,"11":0,"12":0,"13":0,"14":0,"15":1}}