{"_camView":{"0":-0.4809410870075226,"1":-0.3909092843532562,"2":0.784782350063324,"3":0,"4":-0.5811089873313904,"5":0.8123760223388672,"6":0.04853175953030586,"7":0,"8":-0.6565119028091431,"9":-0.43270382285118103,"10":-0.6178666949272156,"11":0,"12":0,"13":0,"14":0,"15":1}}