{"y": [-2.779733, -3.147719, -2.411752, -3.515698, -4.213873, -4.114368, -4.313385, -4.014857, -4.406034, -3.922208, -4.950148, -4.573656, -5.326634, -4.197169, -2.751561, -3.334191, -2.168933, -3.916816, -1.242739, -1.413491, -1.071979, -1.584252, -1.907445, -2.008393, -1.8065, -2.109336, -2.142118, -2.193909, -2.090326, -2.245702, -1.755387, -1.945209, -1.565558, -2.135041, -1.385829, -2.314767, 2.693135, 3.139507, 2.246762, 3.58588, 2.649801, 3.13413, 2.165468, 3.618459, 1.305812, 1.697297, 0.914328, 2.08878, 1.092414, 1.38078, 0.80405, 1.669144, -5.004623, -5.381119, -4.628128, -5.757615, -3.463098, -3.071162, -3.855031, -2.679228, -4.201544, -2.332716, -4.21747, -4.264325, -4.170612, -4.311178, 1.49382, 1.847256, 1.140388, 2.200691, 1.866956, 1.82025, 1.913667, 1.773543, 3.46556, 2.92117, 4.009955, 2.376775, 0.945379, 0.406271, 1.484483, -0.132837, 2.69711, 2.467032, 2.927186, 2.236957, 0.909065, 1.414875, 0.403259, 1.920678, -3.669945, -3.178561, -4.161334, -2.687173, -1.456402, -0.961311, -1.951493, -0.46622, -1.9671, -1.720133, -2.21406, -1.473169, -2.41835, -2.411729, -2.424973, -2.405103], "x": [-1.61671, -1.161349, -2.072074, -0.705981, 0.915811, 0.567267, 1.264353, 0.218721, 1.588854, -0.10578, -0.093908, -0.150902, -0.036916, -0.207894, -1.598386, -1.652754, -1.544021, -1.707119, -2.550039, -2.185991, -2.914091, -1.821939, -0.716291, -0.259073, -1.173506, 0.198144, -1.676251, -1.210193, -2.142312, -0.744132, 1.767337, 2.18117, 1.353503, 2.595002, 0.961682, 2.986825, 2.316125, 2.35271, 2.27954, 2.389294, 1.700032, 1.394685, 2.005377, 1.089342, 3.298045, 2.996493, 3.599601, 2.69494, 4.614316, 4.974917, 4.253717, 5.335515, -1.723873, -1.710102, -1.737641, -1.69633, -0.815374, -0.404319, -1.226433, 0.006739, -1.58985, 0.370156, -3.0009, -2.564724, -3.437079, -2.128545, 2.405686, 2.401153, 2.410216, 2.396623, 6.63627, 7.164652, 6.107891, 7.693032, 5.031305, 5.267221, 4.795394, 5.503139, 5.997528, 6.163636, 5.831417, 6.329751, 5.427505, 5.507731, 5.347281, 5.587955, 3.962891, 4.041576, 3.884202, 4.120264, 2.283649, 2.627163, 1.940131, 2.970683, 3.427944, 3.562432, 3.293451, 3.696927, 3.980518, 4.002421, 3.958614, 4.024325, 3.637848, 3.473295, 3.802397, 3.308743], "z": [-0.326654, -0.457923, -0.195383, -0.589209, -2.326429, -1.848299, -2.804579, -1.37018, -3.249732, -0.925012, -2.037774, -1.574089, -2.501457, -1.110405, -7.897012, -8.029624, -7.764382, -8.162253, -8.945572, -8.500259, -9.390902, -8.054945, -8.311195, -8.686378, -7.936012, -9.061562, 0.613627, 0.987935, 0.239328, 1.362234, -2.226086, -2.616856, -1.835293, -3.007633, -1.465303, -3.377623, 0.211521, 0.610805, -0.187741, 1.010068, -0.914814, -1.094219, -0.735401, -1.273632, 3.788623, 4.128933, 3.448323, 4.469234, 2.350218, 1.967058, 2.733381, 1.583895, -7.451987, -6.985009, -7.918952, -6.518044, -8.700079, -8.893518, -8.506659, -9.086954, -8.335628, -9.257985, -9.437382, -9.028042, -9.846714, -8.61871, 6.163739, 5.678913, 6.648571, 5.19408, 1.71304, 1.993472, 1.43263, 2.273867, 1.458203, 1.368869, 1.547528, 1.279544, 0.82848, 0.624096, 1.032856, 0.419719, -0.568873, -0.020574, -1.117167, 0.52772, -4.475007, -4.162017, -4.787995, -3.848998, -3.492457, -3.515584, -3.469354, -3.538702, -4.144933, -4.456035, -3.833806, -4.767161, 0.164689, 0.711059, -0.381698, 1.257445, -1.917885, -2.49485, -1.340936, -3.071799]}