{"_camView":{"0":0.05520116165280342,"1":0.7833581566810608,"2":-0.6191139221191406,"3":0,"4":0.6525419354438782,"5":0.44101494550704956,"6":0.6161932349205017,"7":0,"8":0.755739152431488,"9":-0.4380125105381012,"10":-0.48682940006256104,"11":0,"12":0,"13":0,"14":0,"15":1},"_zoom":32,"_center":{"0":25.03188133239746,"1":28.558767318725586,"2":38.91841506958008}}