{"_camView":{"0":-0.8036226630210876,"1":-0.0993768721818924,"2":0.5867819786071777,"3":0,"4":0.034272026270627975,"5":0.976595401763916,"6":0.21233224868774414,"7":0,"8":-0.5941506028175354,"9":0.19074533879756927,"10":-0.7814088463783264,"11":0,"12":0,"13":0,"14":0,"15":1},"_zoom":29}