{
    "x": [
        25.901985,
        26.162018,
        25.641953,
        26.42205,
        28.483927,
        27.947073,
        29.020782,
        27.410217,
        29.520605,
        26.910395,
        28.164671,
        27.642328,
        28.687012,
        27.119987,
        33.271862,
        33.48814,
        33.05558,
        33.704422,
        33.895107,
        33.546894,
        34.243317,
        33.198685,
        33.675514,
        34.129486,
        33.22155,
        34.58345,
        24.872265,
        24.589733,
        25.154799,
        24.307199,
        28.116543,
        28.593456,
        27.639629,
        29.07037,
        27.188086,
        29.521914,
        25.098669,
        24.642328,
        25.555012,
        24.185986,
        26.105486,
        26.152514,
        26.058458,
        26.199541,
        21.998096,
        21.554905,
        22.441292,
        21.11171,
        23.64122,
        24.023781,
        23.258663,
        24.406338,
        33.18885,
        32.798149,
        33.579544,
        32.407455,
        34.294125,
        34.482876,
        34.105373,
        34.671627,
        33.938499,
        34.838501,
        34.79158,
        34.469421,
        35.113739,
        34.147263,
        19.513834,
        19.927168,
        19.100498,
        20.340504,
        24.45306,
        24.270939,
        24.635181,
        24.088818,
        24.185707,
        24.399292,
        23.972122,
        24.612877,
        25.365128,
        25.678871,
        25.051384,
        25.992615,
        26.348234,
        25.864767,
        26.831701,
        25.3813,
        30.214735,
        29.839266,
        30.590202,
        29.463799,
        29.745537,
        29.741463,
        29.749615,
        29.737385,
        30.19759,
        30.440411,
        29.954769,
        30.683231,
        26.172075,
        25.602926,
        26.741226,
        25.033775,
        28.220104,
        28.754894,
        27.68531,
        29.289688
    ],
    "y": [
        28.735872,
        28.198126,
        29.273621,
        27.660378,
        26.341949,
        26.57605,
        26.107851,
        26.810148,
        25.8899,
        27.028099,
        26.733467,
        26.872532,
        26.594404,
        27.011595,
        30.408258,
        30.181742,
        30.634775,
        29.955225,
        32.206394,
        31.718605,
        32.694187,
        31.230812,
        30.205755,
        29.858248,
        30.553265,
        29.510738,
        28.906542,
        28.411459,
        29.401621,
        27.91638,
        26.884529,
        26.530472,
        27.238585,
        26.176416,
        27.573807,
        25.841194,
        28.188522,
        28.300476,
        28.076567,
        28.412432,
        28.924822,
        29.467176,
        28.382471,
        30.009527,
        25.869287,
        26.24571,
        25.492863,
        26.622135,
        24.987902,
        24.923098,
        25.052704,
        24.858295,
        29.250488,
        28.941513,
        29.559464,
        28.632538,
        29.570503,
        29.475494,
        29.665512,
        29.380486,
        29.749506,
        29.296492,
        31.152273,
        30.676725,
        31.627821,
        30.201178,
        26.179815,
        26.473185,
        25.886444,
        26.766556,
        23.855635,
        23.332365,
        24.378904,
        22.809095,
        26.065262,
        25.608738,
        26.521786,
        25.152214,
        24.103806,
        23.733192,
        24.474422,
        23.362576,
        25.788668,
        25.482332,
        26.095003,
        25.175997,
        26.940563,
        27.067436,
        26.813694,
        27.194305,
        25.748707,
        25.723293,
        25.774124,
        25.697876,
        26.088953,
        26.302046,
        25.875862,
        26.515137,
        24.41568,
        24.40432,
        24.427044,
        24.392956,
        24.926464,
        25.193539,
        24.659389,
        25.460613
    ],
    "z": [
        35.630333,
        35.573662,
        35.687,
        35.516994,
        35.899162,
        35.768837,
        36.029491,
        35.638508,
        36.150826,
        35.517174,
        34.720291,
        34.980713,
        34.459869,
        35.241135,
        36.076885,
        35.565113,
        36.588661,
        35.053337,
        36.88929,
        36.917713,
        36.860867,
        36.946133,
        37.284462,
        37.466537,
        37.102379,
        37.648621,
        36.082863,
        36.270134,
        35.895584,
        36.457413,
        38.419083,
        38.503922,
        38.33424,
        38.588764,
        38.25391,
        38.669094,
        42.320942,
        42.694057,
        41.947823,
        43.067177,
        42.013859,
        42.26614,
        41.761581,
        42.518417,
        41.489037,
        41.636963,
        41.341103,
        41.784897,
        42.097672,
        42.555328,
        41.640015,
        43.012985,
        34.091248,
        33.756752,
        34.425751,
        33.422249,
        35.944721,
        36.506283,
        35.383167,
        37.067837,
        34.886696,
        37.564308,
        34.172794,
        34.346203,
        33.99939,
        34.519608,
        41.036461,
        41.357536,
        40.715393,
        41.678604,
        43.873363,
        44.103634,
        43.643101,
        44.333897,
        44.365761,
        44.040237,
        44.691288,
        43.71471,
        42.802719,
        42.450279,
        43.155151,
        42.097847,
        44.044025,
        43.863979,
        44.224075,
        43.683929,
        41.964764,
        42.415241,
        41.51429,
        42.865715,
        37.15728,
        37.756721,
        36.557831,
        38.356171,
        39.670204,
        40.175797,
        39.164604,
        40.681396,
        39.303711,
        39.493286,
        39.114136,
        39.682861,
        38.853329,
        38.80167,
        38.904984,
        38.750015
    ]
}